split,brier,mae,n_test
1,0.14455520642198907,0.2868980315343415,97998
2,0.13745129514524868,0.27519383067841496,97998
3,0.13931662740811998,0.27837744401772657,97998
4,0.13106481264400344,0.26248980859029764,97998
5,0.13615249631407683,0.2728092778369427,97998
